{"AllUsers": {"k-e": 326.71782375005773, "e-y": 283.7967275990118, "y-b": 412.5428068773341, "b-o": 278.52577518961476, "o-a": 142.04396503950406, "a-r": 276.324383619106, "r-d": 347.4470181820375, "d-i": 315.2968206517587, "i-s": 135.4268283116677, "s-t": 201.41022854680384}}