{"AllUsers": {"k": 77.86377741459363, "e": 89.81538150610308, "y": 91.35650225131486, "b": 73.76010234547499, "o": 78.30793988661128, "a": 96.03780603159845, "r": 76.63163506438599, "d": 85.10059202966421, "i": 73.8128602058475, "s": 90.86410546557458, "t": 72.93326181933296}}