{"davluk": {"k-e": 69.87333333343267, "e-y": 149.11999999955296, "y-b": 128.33999999947847, "b-o": 141.60000000037252, "o-a": 53.82666666706403, "a-r": 94.82666666693986, "r-d": 160.29333333348234, "d-i": 78.73999999910593, "i-s": 78.21333333353202, "s-t": 69.14666666698953}}