{"ehwzpb": {"BetweenKeysInterval": {"k-e": [80.33802754702961, 106.6584840804951], "e-y": [129.5074359760295, 184.3611686770712], "y-b": [320.5493529571357, 450.93087959975634], "b-o": [180.80943329586998, 230.46149693657767], "o-a": [71.53784296580413, 108.30401749851781], "a-r": [158.39190306532868, 174.70344577110308], "r-d": [173.80465854678008, 232.91394610463774], "d-i": [140.84619846729032, 167.66891781328798], "i-s": [85.08555451393366, 105.34932920510576], "s-t": [118.51211632196889, 129.05067437756168]}, "KeyPressInterval": {"k": [92.46412086111367, 95.66509262371191], "e": [131.3312312564936, 137.52831930642384], "y": [96.97459304419584, 102.5916990888164], "b": [92.42228542603141, 97.7979392934867], "o": [89.08757465027318, 92.64838040733235], "a": [111.37475876092087, 116.46119629622844], "r": [78.52341013735347, 83.06198312426355], "d": [91.0241217004353, 96.16239515680766], "i": [81.46480260970094, 84.89699514218142], "s": [115.81691422328772, 124.55499589189823], "t": [89.87399911024097, 95.54510201272718]}}, "jani": {"BetweenKeysInterval": {"k-e": [257.8560199554055, 786.0662022734185], "e-y": [322.9036642022324, 837.7296691244987], "y-b": [532.1218982365231, 978.8447684309922], "b-o": [365.94592610868244, 918.376296114202], "o-a": [222.31402579988116, 717.3637519789935], "a-r": [293.41561051094254, 819.6732783753387], "r-d": [278.1038550781339, 819.9294782530058], "d-i": [266.99686778777743, 782.1364655424724], "i-s": [222.81711998518546, 788.8495466887248], "s-t": [268.83614493673304, 822.5860772813294]}, "KeyPressInterval": {"k": [108.31585356719265, 135.15081309463113], "e": [125.96529844017311, 152.83470155912323], "y": [111.15338251884823, 134.55772859468433], "b": [105.66593575752047, 118.6562864665023], "o": [103.62710592332732, 118.71733852469754], "a": [121.70048551809066, 132.56618115099744], "r": [96.28763067249794, 111.61236933263471], "d": [106.40697484105782, 118.20413627077765], "i": [98.01411061263495, 107.25255605924711], "s": [113.48879920234535, 136.41120080278728], "t": [100.01219825703666, 111.74335730491399]}}, "urayk": {"BetweenKeysInterval": {"k-e": [69.43520770934147, 142.0933637151321], "e-y": [186.24363661241028, 309.11350624553086], "y-b": [198.01727188680113, 308.568442399126], "b-o": [25.491684315935913, 900.7511728248857], "o-a": [107.28673126782415, 197.12755445163702], "a-r": [157.0039605977061, 185.96746797189974], "r-d": [168.69168656398412, 476.82259914838573], "d-i": [99.5847906201898, 481.0866379511324], "i-s": [96.99879536349515, 132.07263321119308], "s-t": [120.41665879926063, 156.12619834543256]}, "KeyPressInterval": {"k": [78.09744535269043, 97.32608405245641], "e": [109.86837219088856, 133.6963336896894], "y": [94.53243365353067, 115.52638987138882], "b": [80.52963587449595, 107.25859941750706], "o": [74.61125979906727, 85.98874020412113], "a": [119.90335193073595, 146.76723630271744], "r": [85.06135675611336, 107.71511383492685], "d": [86.55198374239058, 110.73036919806276], "i": [76.82172444769876, 94.07239320342501], "s": [103.84097217863578, 125.3002042878108], "t": [87.77969453078025, 105.7850113518247]}}, "bala": {"BetweenKeysInterval": {"k-e": [90.08576441120616, 201.83923558922848], "e-y": [137.96947569209922, 257.28885764135833], "y-b": [278.42117818071455, 397.5371551529292], "b-o": [159.86792933541804, 267.0487373312486], "o-a": [5.528172103510002, 407.6634945632187], "a-r": [106.21177841085667, 330.48822158855353], "r-d": [158.11918331772307, 165.66415001672783], "d-i": [139.9359989418239, 157.2056677240046], "i-s": [103.85631536389337, 120.93535130385985], "s-t": [149.69427262337516, 171.44739404183244]}, "KeyPressInterval": {"k": [81.21264984065381, 88.70401682663375], "e": [117.58010092290047, 161.40323240894273], "y": [93.41749620708798, 106.35750379250844], "b": [84.51420198152466, 94.82746468480052], "o": [76.56522461076553, 84.07644205475252], "a": [97.69078411984425, 106.85921587965903], "r": [64.51745631661213, 74.26587701675224], "d": [71.38211748077784, 87.05121585000988], "i": [71.51279091492357, 79.28720908520062], "s": [95.1121396527498, 108.41286034622574], "t": [75.94759833410829, 86.1774016651156]}}, "vikisz": {"BetweenKeysInterval": {"k-e": [109.22698583595366, 172.7015855908383], "e-y": [309.9628517651114, 464.39429109396065], "y-b": [208.69531120492238, 311.6904030817], "b-o": [149.6534505091688, 182.28940663278695], "o-a": [98.10509724483302, 127.38061704075156], "a-r": [181.38322321348932, 344.60249107214514], "r-d": [-19.841069777799476, 576.2839269217177], "d-i": [197.15967656728205, 260.9546091469438], "i-s": [130.28632793338065, 158.04224349346785], "s-t": [110.2913107896646, 174.68011778253563]}, "KeyPressInterval": {"k": [79.22055293557679, 105.26516134922613], "e": [91.3351800756455, 103.90767706888471], "y": [113.01072870521371, 129.10355701072513], "b": [92.19246242951073, 112.83610899810608], "o": [106.09338930035382, 115.84946784082028], "a": [114.47604095371207, 125.95253047495913], "r": [150.35664906413356, 190.9719223655255], "d": [137.29860065140872, 168.1156850602194], "i": [89.78781437915275, 114.81218562202137], "s": [99.85637650505589, 116.95790920992167], "t": [81.20654059843798, 92.2363165454303]}}, "test1": {"BetweenKeysInterval": {"k-e": [65.27776350020414, 91.84950922761044], "e-y": [140.150623275492, 184.7948312677951], "y-b": [897.8798882555193, 1460.0473844733792], "b-o": [113.23200849683077, 334.76799150316924], "o-a": [102.81578628016356, 151.34785008320188], "a-r": [42.236148237708505, 524.1638517628332], "r-d": [952.0642324200402, 1486.4630403069614], "d-i": [148.26960385655337, 176.31221432309735], "i-s": [105.03231301134223, 151.8222324437451], "s-t": [104.90777003382772, 398.3104117835413]}, "KeyPressInterval": {"k": [78.20244003334594, 84.63392360328862], "e": [89.67133432264106, 123.14684749418612], "y": [78.71380324782437, 94.5407422050955], "b": [79.01003193391716, 90.98996806337354], "o": [67.0788047723186, 77.41210431371375], "a": [88.46965836461925, 97.9121598161152], "r": [67.23107852289613, 82.49619420031266], "d": [76.5000642006241, 91.93629943411396], "i": [64.97893950275065, 76.78469686142756], "s": [86.26205370206222, 104.5561281134103], "t": [69.82738476953215, 78.93625159600073]}}, "test2": {"BetweenKeysInterval": {"k-e": [1293.3031708308433, 1950.8786473482658], "e-y": [149.73165607621962, 193.50470756231147], "y-b": [157.85676215839186, 230.7796014766172], "b-o": [350.78926640278416, 505.3743699632905], "o-a": [93.14201275027345, 118.85798724837188], "a-r": [103.35234492181021, 438.5385641674733], "r-d": [124.71346220685342, 287.5592650672285], "d-i": [120.4726027486435, 149.3273972497309], "i-s": [80.48422984961859, 102.71577015065235], "s-t": [117.10322207608547, 146.3149597442638]}, "KeyPressInterval": {"k": [72.40636399693402, 79.84818145734052], "e": [90.85926004953832, 119.54073995100354], "y": [79.04846695505358, 96.75153304467548], "b": [72.30543821845612, 81.8763799647167], "o": [71.77319182460475, 83.40862635450414], "a": [87.96439414153039, 96.5265149485659], "r": [65.03710186895637, 87.1628981326692], "d": [68.40217453032122, 79.56146183412793], "i": [71.36253277259463, 76.2920126835764], "s": [83.88171650385496, 105.609192587596], "t": [69.25613483599301, 84.05295607363976]}}, "badistefi": {"BetweenKeysInterval": {"k-e": [85.98142655368235, 265.2185734542649], "e-y": [198.80508275137217, 321.5282505620929], "y-b": [21.329636813481727, 548.5870298730531], "b-o": [130.24644288555612, 659.7368904438035], "o-a": [104.11814202772713, 135.0485245992031], "a-r": [210.2888343242132, 248.56116569962865], "r-d": [179.64874589353272, 430.3179207254502], "d-i": [87.26117841251998, 246.8388216510583], "i-s": [57.06454793876989, 497.21878540251066], "s-t": [118.27003762600603, 258.713295643749]}, "KeyPressInterval": {"k": [64.86302713130127, 87.5369728647251], "e": [66.36541548108084, 80.18458447123544], "y": [63.63005808588984, 88.40327525539077], "b": [54.33223758810581, 70.65109572138566],