{"davluk": {"k": 61.89999999975165, "e": 71.05333333363136, "y": 73.03333333333333, "b": 79.45333333425224, "o": 59.45333333350718, "a": 57.12000000029802, "r": 63.97333333343268, "d": 69.11333333315949, "i": 63.13333333320916, "s": 71.15333333325883, "t": 59.18666666659216}}