{"ehwzpb": {"BetweenKeysInterval": {"k-e": [65.49017841467881, 127.37315491678876], "e-y": [140.07127417574088, 291.6287258291408], "y-b": [476.070570448725, 793.229429549001], "b-o": [162.75315590066816, 248.8001774322492], "o-a": [83.00374839197077, 100.28291827355038], "a-r": [170.21969977332947, 208.23363355964221], "r-d": [181.65655068914188, 325.7734493107075], "d-i": [151.65278494541568, 213.53388172369884], "i-s": [77.16025380925521, 116.669746189725], "s-t": [110.65108396812653, 123.04558269737288]}, "KeyPressInterval": {"k": [98.67383539062071, 103.11304985865506], "e": [132.72438550601245, 144.67889318403277], "y": [103.44535912244451, 111.90546054917364], "b": [103.18415076677884, 109.35355415162495], "o": [97.48597329364166, 101.84189556103117], "a": [120.40740449445381, 126.43849714818215], "r": [82.09475465674932, 89.63639288980086], "d": [100.18625065161791, 106.76784771291884], "i": [88.77121617000395, 92.26484940448717], "s": [134.0608332555459, 147.24736346796107], "t": [103.55449052032289, 108.91436193930575]}}, "jani": {"BetweenKeysInterval": {"k-e": [257.8560199554055, 786.0662022734185], "e-y": [322.9036642022324, 837.7296691244987], "y-b": [532.1218982365231, 978.8447684309922], "b-o": [365.94592610868244, 918.376296114202], "o-a": [222.31402579988116, 717.3637519789935], "a-r": [293.41561051094254, 819.6732783753387], "r-d": [278.1038550781339, 819.9294782530058], "d-i": [266.99686778777743, 782.1364655424724], "i-s": [222.81711998518546, 788.8495466887248], "s-t": [268.83614493673304, 822.5860772813294]}, "KeyPressInterval": {"k": [108.31585356719265, 135.15081309463113], "e": [125.96529844017311, 152.83470155912323], "y": [111.15338251884823, 134.55772859468433], "b": [105.66593575752047, 118.6562864665023], "o": [103.62710592332732, 118.71733852469754], "a": [121.70048551809066, 132.56618115099744], "r": [96.28763067249794, 111.61236933263471], "d": [106.40697484105782, 118.20413627077765], "i": [98.01411061263495, 107.25255605924711], "s": [113.48879920234535, 136.41120080278728], "t": [100.01219825703666, 111.74335730491399]}}}